input_text,ground_truth
What is counterfactual fairness?,"Counterfactual fairness is a fairness criterion used in machine learning to ensure that a model’s decisions remain unchanged if a protected attribute (e.g., race, gender) were different, while keeping everything else the same."
How does IBM watsonx.governance check for prompt leakage?,"IBM watsonx.governance runs your prompt through several different attack scenarios. The responses generated by the model are then compared to the original prompt using a semantic similarity score. The result is a score between 0 and 1, where 0 indicates low risk and 1 indicates high risk of leakage."
What are various IBM watsonx.governance capabilities?,"IBM watsonx.governance is an automated toolkit to govern both generative AI and predictive ML models on the IBM watsonx platform, providing complete end to end life cycle management of the models to tune, train, deploy, and govern them — to accelerate responsible, transparent, and explainable AI workflows."
What does Grafana do?,"Grafana is an open-source tool for visualizing and dashboarding data insights gathered from various sources — creating dashboards with charts, graphs,and alerts to monitor the systems and applications"
What is concept drift?,"Concept drift occurs when the statistical properties of the target variable change over time, causing a machine learning model’s predictions to become less accurate."
What does IBM watsonx.governance Evaluation Studio do?,"IBM watsonx.governance Evaluation Studio enables LLM application developers to evaluate and compare generative AI assets using quality metrics and customizable criteria tailored to specific application needs. Developers can assess the performance of multiple assets simultaneously and compare results to identify the best LLM, prompt, or prompt parameters for their LLM-powered application."
How can technology help in process governance?,"It can help define, automate and govern the process that needs to be followed as a prompt (or AI model) moves from development to validation to production. It can identify the set of tests that need to be done before the prompt is deployed to production and automate the end to end flow so that teams do not inadvertently end up deploying prompts to production bypassing one or more of the identified tests"
What are the challenges with AI model validation?,"Software execs boast about robust deployment processes, but AI model validation often lacks rigor. It's complex, requiring expertise in bias detection, model metrics, and drift analysis. Skilled validators are scarce, and the absence of standardized validation methods results in inconsistent documentation across enterprises, making AI validation a persistent challenge."
What are the different steps in AI Lifecycle?,"The AI lifecycle consists of several key steps:  \n1. **Model Creation Request** – Defines business needs, constraints, and expected impact.  \n2. **Model Development** – Data scientists build the model.  \n3. **Model Validation** – Validators assess fairness, accuracy, and drift.  \n4. **Model Approval** – Approvers review validation results for deployment readiness.  \n5. **Model Deployment** – Approved models go into production.  \n6. **Model Monitoring** – Continuously tracks fairness, drift, and quality.  \n7. **Model Retirement** – Decommissioning when the model is no longer needed."
What is Azure Databricks?,"This cloud-based platform, built on Apache Spark, enables collaborative data tasks, including ingestion, engineering, and machine learning model development."
What is IBM watsonx?,"Ibm watsonx is an essential concept in technology, widely applied in various domains. It plays a key role in innovation and efficiency improvement."
What are the key differences between A/B testing and DevOps?,"A/b testing is an essential concept in technology, widely applied in various domains. It plays a key role in innovation and efficiency improvement."
What are the challenges in implementing LLMs?,"Llms is an essential concept in technology, widely applied in various domains. It plays a key role in innovation and efficiency improvement."
How is monitoring and observability used in industry?,"Monitoring and observability is an essential concept in technology, widely applied in various domains. It plays a key role in innovation and efficiency improvement."
What are the challenges in implementing IBM watsonx?,"Ibm watsonx is an essential concept in technology, widely applied in various domains. It plays a key role in innovation and efficiency improvement."
What are the applications of IBM watsonx?,"Ibm watsonx is an essential concept in technology, widely applied in various domains. It plays a key role in innovation and efficiency improvement."
How to optimize web scraping?,"Web scraping is an essential concept in technology, widely applied in various domains. It plays a key role in innovation and efficiency improvement."
What are the ethical concerns surrounding cloud computing?,"Cloud computing is an essential concept in technology, widely applied in various domains. It plays a key role in innovation and efficiency improvement."
How is model evaluation used in industry?,"Model evaluation is an essential concept in technology, widely applied in various domains. It plays a key role in innovation and efficiency improvement."
What are the ethical concerns surrounding LLMs?,"Llms is an essential concept in technology, widely applied in various domains. It plays a key role in innovation and efficiency improvement."
What are the benefits of IBM watsonx?,"Ibm watsonx is an essential concept in technology, widely applied in various domains. It plays a key role in innovation and efficiency improvement."
What are the challenges in implementing model evaluation?,"Model evaluation is an essential concept in technology, widely applied in various domains. It plays a key role in innovation and efficiency improvement."
What are the applications of LangGraph?,"Langgraph is an essential concept in technology, widely applied in various domains. It plays a key role in innovation and efficiency improvement."
What are the ethical concerns surrounding knowledge graphs?,"Knowledge graphs is an essential concept in technology, widely applied in various domains. It plays a key role in innovation and efficiency improvement."
What future trends are expected in IBM watsonx?,"Ibm watsonx is an essential concept in technology, widely applied in various domains. It plays a key role in innovation and efficiency improvement."
What is database management?,"Database management is an essential concept in technology, widely applied in various domains. It plays a key role in innovation and efficiency improvement."
What future trends are expected in knowledge graphs?,"Knowledge graphs is an essential concept in technology, widely applied in various domains. It plays a key role in innovation and efficiency improvement."
What role does monitoring and observability play in modern AI?,"Monitoring and observability is an essential concept in technology, widely applied in various domains. It plays a key role in innovation and efficiency improvement."
What are the key differences between retrieval-augmented generation and prompt engineering?,"Retrieval-augmented generation is an essential concept in technology, widely applied in various domains. It plays a key role in innovation and efficiency improvement."
What future trends are expected in search algorithms?,"Search algorithms is an essential concept in technology, widely applied in various domains. It plays a key role in innovation and efficiency improvement."
How does knowledge graphs work?,"Knowledge graphs is an essential concept in technology, widely applied in various domains. It plays a key role in innovation and efficiency improvement."
What are the applications of data security?,"Data security is an essential concept in technology, widely applied in various domains. It plays a key role in innovation and efficiency improvement."
What are the challenges in implementing DevOps?,"Devops is an essential concept in technology, widely applied in various domains. It plays a key role in innovation and efficiency improvement."
What are the applications of vector search?,"Vector search is an essential concept in technology, widely applied in various domains. It plays a key role in innovation and efficiency improvement."
What are the applications of natural language processing?,"Natural language processing is an essential concept in technology, widely applied in various domains. It plays a key role in innovation and efficiency improvement."
How does retrieval-augmented generation work?,"Retrieval-augmented generation is an essential concept in technology, widely applied in various domains. It plays a key role in innovation and efficiency improvement."
What are the applications of data visualization?,"Data visualization is an essential concept in technology, widely applied in various domains. It plays a key role in innovation and efficiency improvement."
What are the ethical concerns surrounding DevOps?,"Devops is an essential concept in technology, widely applied in various domains. It plays a key role in innovation and efficiency improvement."
How does model evaluation work?,"Model evaluation is an essential concept in technology, widely applied in various domains. It plays a key role in innovation and efficiency improvement."
What are the challenges in implementing LangGraph?,"Langgraph is an essential concept in technology, widely applied in various domains. It plays a key role in innovation and efficiency improvement."
What are the ethical concerns surrounding LangGraph?,"Langgraph is an essential concept in technology, widely applied in various domains. It plays a key role in innovation and efficiency improvement."
What are the challenges in implementing A/B testing?,"A/b testing is an essential concept in technology, widely applied in various domains. It plays a key role in innovation and efficiency improvement."
What are the challenges in implementing OpenTelemetry?,"Opentelemetry is an essential concept in technology, widely applied in various domains. It plays a key role in innovation and efficiency improvement."
What are the key differences between retrieval-augmented generation and cloud computing?,"Retrieval-augmented generation is an essential concept in technology, widely applied in various domains. It plays a key role in innovation and efficiency improvement."
How does retrieval-augmented generation compare to database management?,"Retrieval-augmented generation is an essential concept in technology, widely applied in various domains. It plays a key role in innovation and efficiency improvement."
How does data visualization work?,"Data visualization is an essential concept in technology, widely applied in various domains. It plays a key role in innovation and efficiency improvement."
How is LangGraph used in industry?,"Langgraph is an essential concept in technology, widely applied in various domains. It plays a key role in innovation and efficiency improvement."
What is search algorithms?,"Search algorithms is an essential concept in technology, widely applied in various domains. It plays a key role in innovation and efficiency improvement."
What role does IBM watsonx play in modern AI?,"Ibm watsonx is an essential concept in technology, widely applied in various domains. It plays a key role in innovation and efficiency improvement."
What future trends are expected in machine learning?,"Machine learning is an essential concept in technology, widely applied in various domains. It plays a key role in innovation and efficiency improvement."
What future trends are expected in retrieval-augmented generation?,"Retrieval-augmented generation is an essential concept in technology, widely applied in various domains. It plays a key role in innovation and efficiency improvement."
How does prompt engineering work?,"Prompt engineering is an essential concept in technology, widely applied in various domains. It plays a key role in innovation and efficiency improvement."
What are the challenges in implementing retrieval-augmented generation?,"Retrieval-augmented generation is an essential concept in technology, widely applied in various domains. It plays a key role in innovation and efficiency improvement."
What are the key differences between prompt engineering and machine learning?,"Prompt engineering is an essential concept in technology, widely applied in various domains. It plays a key role in innovation and efficiency improvement."
What future trends are expected in OpenTelemetry?,"Opentelemetry is an essential concept in technology, widely applied in various domains. It plays a key role in innovation and efficiency improvement."
What future trends are expected in LangGraph?,"Langgraph is an essential concept in technology, widely applied in various domains. It plays a key role in innovation and efficiency improvement."
How does retrieval-augmented generation compare to A/B testing?,"Retrieval-augmented generation is an essential concept in technology, widely applied in various domains. It plays a key role in innovation and efficiency improvement."
What are the key differences between DevOps and LangGraph?,"Devops is an essential concept in technology, widely applied in various domains. It plays a key role in innovation and efficiency improvement."
What future trends are expected in prompt engineering?,"Prompt engineering is an essential concept in technology, widely applied in various domains. It plays a key role in innovation and efficiency improvement."
How does data visualization compare to prompt engineering?,"Data visualization is an essential concept in technology, widely applied in various domains. It plays a key role in innovation and efficiency improvement."
How does blockchain work?,"Blockchain is an essential concept in technology, widely applied in various domains. It plays a key role in innovation and efficiency improvement."
What is IBM watsonx.governance and how does it ensure AI compliance?,"What is IBM watsonx.governance and how does it ensure AI compliance is a critical aspect of AI governance, ensuring fairness, accuracy, and compliance with regulations."
How does IBM watsonx.governance detect bias in AI models?,"How does IBM watsonx.governance detect bias in AI models is a critical aspect of AI governance, ensuring fairness, accuracy, and compliance with regulations."
What role does explainability play in IBM watsonx.governance?,"What role does explainability play in IBM watsonx.governance is a critical aspect of AI governance, ensuring fairness, accuracy, and compliance with regulations."
How does IBM watsonx.governance help with regulatory compliance?,"How does IBM watsonx.governance help with regulatory compliance is a critical aspect of AI governance, ensuring fairness, accuracy, and compliance with regulations."
What are the key features of IBM watsonx.governance?,"What are the key features of IBM watsonx.governance is a critical aspect of AI governance, ensuring fairness, accuracy, and compliance with regulations."
How does IBM watsonx.governance monitor and mitigate model drift?,"How does IBM watsonx.governance monitor and mitigate model drift is a critical aspect of AI governance, ensuring fairness, accuracy, and compliance with regulations."
What is the role of guardrails in IBM watsonx.governance?,"What is the role of guardrails in IBM watsonx.governance is a critical aspect of AI governance, ensuring fairness, accuracy, and compliance with regulations."
How do AI guardrails help prevent harmful outputs?,"How do AI guardrails help prevent harmful outputs is a critical aspect of AI governance, ensuring fairness, accuracy, and compliance with regulations."
What are common techniques used for AI guardrails?,"What are common techniques used for AI guardrails is a critical aspect of AI governance, ensuring fairness, accuracy, and compliance with regulations."
How does IBM watsonx.governance enforce ethical AI practices?,"How does IBM watsonx.governance enforce ethical AI practices is a critical aspect of AI governance, ensuring fairness, accuracy, and compliance with regulations."
What are the challenges in implementing AI governance frameworks?,"What are the challenges in implementing AI governance frameworks is a critical aspect of AI governance, ensuring fairness, accuracy, and compliance with regulations."
How does IBM watsonx.governance handle sensitive data?,"How does IBM watsonx.governance handle sensitive data is a critical aspect of AI governance, ensuring fairness, accuracy, and compliance with regulations."
"What is concept drift, and how does it affect AI models?","What is concept drift, and how does it affect AI models is a critical aspect of AI governance, ensuring fairness, accuracy, and compliance with regulations."
What strategies are used to detect model drift in generative AI?,"What strategies are used to detect model drift in generative AI is a critical aspect of AI governance, ensuring fairness, accuracy, and compliance with regulations."
How does IBM watsonx.governance adapt to data drift?,"How does IBM watsonx.governance adapt to data drift is a critical aspect of AI governance, ensuring fairness, accuracy, and compliance with regulations."
What are common indicators of AI model drift?,"What are common indicators of AI model drift is a critical aspect of AI governance, ensuring fairness, accuracy, and compliance with regulations."
What are the risks of model drift in AI applications?,"What are the risks of model drift in AI applications is a critical aspect of AI governance, ensuring fairness, accuracy, and compliance with regulations."
How can businesses mitigate model drift in production AI systems?,"How can businesses mitigate model drift in production AI systems is a critical aspect of AI governance, ensuring fairness, accuracy, and compliance with regulations."
"What is Generative AI, and how does it differ from traditional AI?","What is Generative AI, and how does it differ from traditional AI is a critical aspect of AI governance, ensuring fairness, accuracy, and compliance with regulations."
How does Generative AI generate text and images?,"How does Generative AI generate text and images is a critical aspect of AI governance, ensuring fairness, accuracy, and compliance with regulations."
What are the common challenges faced in Generative AI models?,"What are the common challenges faced in Generative AI models is a critical aspect of AI governance, ensuring fairness, accuracy, and compliance with regulations."
How can Generative AI be fine-tuned for domain-specific applications?,"How can Generative AI be fine-tuned for domain-specific applications is a critical aspect of AI governance, ensuring fairness, accuracy, and compliance with regulations."
What are best practices for ensuring responsible Generative AI?,"What are best practices for ensuring responsible Generative AI is a critical aspect of AI governance, ensuring fairness, accuracy, and compliance with regulations."
How does context relevance impact Generative AI outputs?,"How does context relevance impact Generative AI outputs is a critical aspect of AI governance, ensuring fairness, accuracy, and compliance with regulations."
What techniques help improve context relevance in AI-generated answers?,"What techniques help improve context relevance in AI-generated answers is a critical aspect of AI governance, ensuring fairness, accuracy, and compliance with regulations."
How does prompt engineering affect context relevance in Gen AI?,"How does prompt engineering affect context relevance in Gen AI is a critical aspect of AI governance, ensuring fairness, accuracy, and compliance with regulations."
What are the key factors influencing answer similarity in AI models?,"What are the key factors influencing answer similarity in AI models is a critical aspect of AI governance, ensuring fairness, accuracy, and compliance with regulations."
How do AI models measure answer similarity?,"How do AI models measure answer similarity is a critical aspect of AI governance, ensuring fairness, accuracy, and compliance with regulations."
What is the role of embeddings in answer similarity detection?,"What is the role of embeddings in answer similarity detection is a critical aspect of AI governance, ensuring fairness, accuracy, and compliance with regulations."
How does answer similarity impact chatbot performance?,"How does answer similarity impact chatbot performance is a critical aspect of AI governance, ensuring fairness, accuracy, and compliance with regulations."
How does IBM watsonx.governance evaluate answer similarity?,"How does IBM watsonx.governance evaluate answer similarity is a critical aspect of AI governance, ensuring fairness, accuracy, and compliance with regulations."
What techniques are used to ensure context-aware responses in AI models?,"What techniques are used to ensure context-aware responses in AI models is a critical aspect of AI governance, ensuring fairness, accuracy, and compliance with regulations."
How does retrieval-augmented generation improve answer relevance?,"How does retrieval-augmented generation improve answer relevance is a critical aspect of AI governance, ensuring fairness, accuracy, and compliance with regulations."
What is the role of vector search in improving AI-generated responses?,"What is the role of vector search in improving AI-generated responses is a critical aspect of AI governance, ensuring fairness, accuracy, and compliance with regulations."
What are common evaluation metrics for AI answer similarity?,"What are common evaluation metrics for AI answer similarity is a critical aspect of AI governance, ensuring fairness, accuracy, and compliance with regulations."
How can AI models be optimized for higher answer similarity?,"How can AI models be optimized for higher answer similarity is a critical aspect of AI governance, ensuring fairness, accuracy, and compliance with regulations."
What are the key principles of fairness in AI-generated answers?,"What are the key principles of fairness in AI-generated answers is a critical aspect of AI governance, ensuring fairness, accuracy, and compliance with regulations."
How do AI guardrails help maintain answer relevance and accuracy?,"How do AI guardrails help maintain answer relevance and accuracy is a critical aspect of AI governance, ensuring fairness, accuracy, and compliance with regulations."
What are the ethical concerns related to AI-generated responses?,"What are the ethical concerns related to AI-generated responses is a critical aspect of AI governance, ensuring fairness, accuracy, and compliance with regulations."